[
  {
    "district": "Mumbai",
    "latitude": 19.076,
    "longitude": 72.8777,
    "population": 12442373,
    "commissionerates": 1,
    "police_subdivisions": 26,
    "police_stations": 96,
    "special_units": ["CID", "ATS", "ACB", "State EOW", "State Cyber"],
    "sanctioned_officers": 7200,
    "sanctioned_constabulary": 46000,
    "total_sanctioned_strength": 53200,
    "forensic_labs": 3,
    "correctional_institutions": 6
  },
  {
    "district": "Pune",
    "latitude": 18.5204,
    "longitude": 73.8567,
    "population": 9426959,
    "commissionerates": 1,
    "police_subdivisions": 20,
    "police_stations": 58,
    "special_units": ["CID", "Cyber Crime"],
    "sanctioned_officers": 5500,
    "sanctioned_constabulary": 22000,
    "total_sanctioned_strength": 27500,
    "forensic_labs": 2,
    "correctional_institutions": 4
  },
  {
    "district": "Thane",
    "latitude": 19.2183,
    "longitude": 72.9781,
    "population": 11060148,
    "commissionerates": 1,
    "police_subdivisions": 22,
    "police_stations": 68,
    "special_units": ["State EOW", "Cyber Crime"],
    "sanctioned_officers": 4700,
    "sanctioned_constabulary": 18000,
    "total_sanctioned_strength": 22700,
    "forensic_labs": 2,
    "correctional_institutions": 5
  },
  {
    "district": "Nagpur",
    "latitude": 21.1458,
    "longitude": 79.0882,
    "population": 4653170,
    "commissionerates": 1,
    "police_subdivisions": 16,
    "police_stations": 50,
    "special_units": ["ATS", "Cyber Crime"],
    "sanctioned_officers": 3200,
    "sanctioned_constabulary": 16000,
    "total_sanctioned_strength": 19200,
    "forensic_labs": 1,
    "correctional_institutions": 2
  },
  {
    "district": "Nashik",
    "latitude": 19.9975,
    "longitude": 73.7898,
    "population": 6107187,
    "commissionerates": 1,
    "police_subdivisions": 14,
    "police_stations": 44,
    "special_units": ["ACB", "Cyber Crime"],
    "sanctioned_officers": 3200,
    "sanctioned_constabulary": 12000,
    "total_sanctioned_strength": 15200,
    "forensic_labs": 1,
    "correctional_institutions": 2
  },
  {
    "district": "Aurangabad",
    "latitude": 19.8762,
    "longitude": 75.3433,
    "population": 3701282,
    "commissionerates": 1,
    "police_subdivisions": 11,
    "police_stations": 39,
    "special_units": ["ATS", "State EOW"],
    "sanctioned_officers": 3000,
    "sanctioned_constabulary": 9500,
    "total_sanctioned_strength": 12500,
    "forensic_labs": 1,
    "correctional_institutions": 2
  },
  {
    "district": "Solapur",
    "latitude": 17.6599,
    "longitude": 75.9064,
    "population": 4317756,
    "commissionerates": 0,
    "police_subdivisions": 9,
    "police_stations": 42,
    "special_units": ["State EOW"],
    "sanctioned_officers": 2700,
    "sanctioned_constabulary": 9000,
    "total_sanctioned_strength": 11700,
    "forensic_labs": 1,
    "correctional_institutions": 2
  },
  {
    "district": "Amravati",
    "latitude": 20.9374,
    "longitude": 77.7796,
    "population": 2888445,
    "commissionerates": 0,
    "police_subdivisions": 7,
    "police_stations": 38,
    "special_units": ["Cyber Crime"],
    "sanctioned_officers": 2200,
    "sanctioned_constabulary": 7500,
    "total_sanctioned_strength": 9700,
    "forensic_labs": 1,
    "correctional_institutions": 1
  },
  {
    "district": "Kolhapur",
    "latitude": 16.705,
    "longitude": 74.2433,
    "population": 3874015,
    "commissionerates": 0,
    "police_subdivisions": 8,
    "police_stations": 35,
    "special_units": ["ACB"],
    "sanctioned_officers": 2500,
    "sanctioned_constabulary": 7800,
    "total_sanctioned_strength": 10300,
    "forensic_labs": 1,
    "correctional_institutions": 1
  },
  {
    "district": "Satara",
    "latitude": 17.6805,
    "longitude": 74.0183,
    "population": 3003741,
    "commissionerates": 0,
    "police_subdivisions": 6,
    "police_stations": 32,
    "special_units": ["ACB"],
    "sanctioned_officers": 2200,
    "sanctioned_constabulary": 7000,
    "total_sanctioned_strength": 9200,
    "forensic_labs": 1,
    "correctional_institutions": 1
  },
  {
    "district": "Sangli",
    "latitude": 16.8524,
    "longitude": 74.5815,
    "population": 2822144,
    "commissionerates": 0,
    "police_subdivisions": 5,
    "police_stations": 30,
    "special_units": ["ACB"],
    "sanctioned_officers": 2100,
    "sanctioned_constabulary": 6800,
    "total_sanctioned_strength": 8900,
    "forensic_labs": 1,
    "correctional_institutions": 1
  },
  {
    "district": "Jalgaon",
    "latitude": 21.0077,
    "longitude": 75.5626,
    "population": 4225691,
    "commissionerates": 0,
    "police_subdivisions": 8,
    "police_stations": 36,
    "special_units": ["Cyber Crime"],
    "sanctioned_officers": 2400,
    "sanctioned_constabulary": 8000,
    "total_sanctioned_strength": 10400,
    "forensic_labs": 1,
    "correctional_institutions": 1
  },
  {
    "district": "Akola",
    "latitude": 20.7096,
    "longitude": 77.0022,
    "population": 1813906,
    "commissionerates": 0,
    "police_subdivisions": 6,
    "police_stations": 28,
    "special_units": ["Cyber Crime"],
    "sanctioned_officers": 1800,
    "sanctioned_constabulary": 6000,
    "total_sanctioned_strength": 7800,
    "forensic_labs": 1,
    "correctional_institutions": 1
  },
  {
    "district": "Latur",
    "latitude": 18.4088,
    "longitude": 76.5604,
    "population": 2454196,
    "commissionerates": 0,
    "police_subdivisions": 6,
    "police_stations": 30,
    "special_units": ["State EOW"],
    "sanctioned_officers": 2000,
    "sanctioned_constabulary": 7000,
    "total_sanctioned_strength": 9000,
    "forensic_labs": 1,
    "correctional_institutions": 1
  },
  {
    "district": "Dhule",
    "latitude": 20.9042,
    "longitude": 74.7749,
    "population": 2050862,
    "commissionerates": 0,
    "police_subdivisions": 5,
    "police_stations": 26,
    "special_units": ["Cyber Crime"],
    "sanctioned_officers": 1700,
    "sanctioned_constabulary": 5500,
    "total_sanctioned_strength": 7200,
    "forensic_labs": 1,
    "correctional_institutions": 1
  },
  {
    "district": "Nanded",
    "latitude": 19.1383,
    "longitude": 77.321,
    "population": 3361292,
    "commissionerates": 0,
    "police_subdivisions": 7,
    "police_stations": 34,
    "special_units": ["ATS"],
    "sanctioned_officers": 2200,
    "sanctioned_constabulary": 7500,
    "total_sanctioned_strength": 9700,
    "forensic_labs": 1,
    "correctional_institutions": 1
  },
  {
    "district": "Ahmednagar",
    "latitude": 19.0952,
    "longitude": 74.7496,
    "population": 4543159,
    "commissionerates": 0,
    "police_subdivisions": 10,
    "police_stations": 40,
    "special_units": ["ACB"],
    "sanctioned_officers": 2600,
    "sanctioned_constabulary": 8500,
    "total_sanctioned_strength": 11100,
    "forensic_labs": 1,
    "correctional_institutions": 1
  },
  {
    "district": "Beed",
    "latitude": 18.9894,
    "longitude": 75.7568,
    "population": 2586413,
    "commissionerates": 0,
    "police_subdivisions": 6,
    "police_stations": 32,
    "special_units": ["State EOW"],
    "sanctioned_officers": 1900,
    "sanctioned_constabulary": 6500,
    "total_sanctioned_strength": 8400,
    "forensic_labs": 1,
    "correctional_institutions": 1
  },
  {
    "district": "Gondia",
    "latitude": 21.4602,
    "longitude": 80.192,
    "population": 1322507,
    "commissionerates": 0,
    "police_subdivisions": 4,
    "police_stations": 22,
    "special_units": ["Cyber Crime"],
    "sanctioned_officers": 1500,
    "sanctioned_constabulary": 5000,
    "total_sanctioned_strength": 6500,
    "forensic_labs": 1,
    "correctional_institutions": 1
  },
  {
    "district": "Chandrapur",
    "latitude": 19.9615,
    "longitude": 79.2961,
    "population": 2204302,
    "commissionerates": 0,
    "police_subdivisions": 6,
    "police_stations": 30,
    "special_units": ["ACB"],
    "sanctioned_officers": 1800,
    "sanctioned_constabulary": 6000,
    "total_sanctioned_strength": 7800,
    "forensic_labs": 1,
    "correctional_institutions": 1
  },
  {
    "district": "Wardha",
    "latitude": 20.7453,
    "longitude": 78.6022,
    "population": 1296568,
    "commissionerates": 0,
    "police_subdivisions": 4,
    "police_stations": 20,
    "special_units": ["Cyber Crime"],
    "sanctioned_officers": 1400,
    "sanctioned_constabulary": 4500,
    "total_sanctioned_strength": 5900,
    "forensic_labs": 1,
    "correctional_institutions": 1
  },
  {
    "district": "Yavatmal",
    "latitude": 20.3932,
    "longitude": 78.132,
    "population": 2772345,
    "commissionerates": 0,
    "police_subdivisions": 6,
    "police_stations": 32,
    "special_units": ["ACB"],
    "sanctioned_officers": 2000,
    "sanctioned_constabulary": 7000,
    "total_sanctioned_strength": 9000,
    "forensic_labs": 1,
    "correctional_institutions": 1
  },
  {
    "district": "Buldhana",
    "latitude": 20.531,
    "longitude": 76.1828,
    "population": 2586254,
    "commissionerates": 0,
    "police_subdivisions": 6,
    "police_stations": 30,
    "special_units": ["State EOW"],
    "sanctioned_officers": 1900,
    "sanctioned_constabulary": 6500,
    "total_sanctioned_strength": 8400,
    "forensic_labs": 1,
    "correctional_institutions": 1
  },
  {
    "district": "Hingoli",
    "latitude": 19.7157,
    "longitude": 77.148,
    "population": 1177345,
    "commissionerates": 0,
    "police_subdivisions": 4,
    "police_stations": 20,
    "special_units": ["Cyber Crime"],
    "sanctioned_officers": 1300,
    "sanctioned_constabulary": 4000,
    "total_sanctioned_strength": 5300,
    "forensic_labs": 1,
    "correctional_institutions": 1
  },
  {
    "district": "Parbhani",
    "latitude": 19.2686,
    "longitude": 76.7708,
    "population": 1836906,
    "commissionerates": 0,
    "police_subdivisions": 5,
    "police_stations": 24,
    "special_units": ["ATS"],
    "sanctioned_officers": 1600,
    "sanctioned_constabulary": 5000,
    "total_sanctioned_strength": 6600,
    "forensic_labs": 1,
    "correctional_institutions": 1
  },
  {
    "district": "Jalna",
    "latitude": 19.8342,
    "longitude": 75.8806,
    "population": 1959046,
    "commissionerates": 0,
    "police_subdivisions": 5,
    "police_stations": 26,
    "special_units": ["State EOW"],
    "sanctioned_officers": 1700,
    "sanctioned_constabulary": 5500,
    "total_sanctioned_strength": 7200,
    "forensic_labs": 1,
    "correctional_institutions": 1
  },
  {
    "district": "Osmanabad",
    "latitude": 18.1818,
    "longitude": 76.0414,
    "population": 1656976,
    "commissionerates": 0,
    "police_subdivisions": 4,
    "police_stations": 22,
    "special_units": ["Cyber Crime"],
    "sanctioned_officers": 1400,
    "sanctioned_constabulary": 4500,
    "total_sanctioned_strength": 5900,
    "forensic_labs": 1,
    "correctional_institutions": 1
  },
  {
    "district": "Nandurbar",
    "latitude": 21.3707,
    "longitude": 74.2409,
    "population": 1648295,
    "commissionerates": 0,
    "police_subdivisions": 4,
    "police_stations": 20,
    "special_units": ["Cyber Crime"],
    "sanctioned_officers": 1300,
    "sanctioned_constabulary": 4000,
    "total_sanctioned_strength": 5300,
    "forensic_labs": 1,
    "correctional_institutions": 1
  }
]